
--Insertar los datos a las tablas

--COMUNAS / LISTO--
insert into comuna (id, nombre, id_region)
values
	(1,'Arica'),
	(2,'Camarones'),
	(3,'General Lagos'),
	(4,'Putre'),
	(5,'Alto Hospicio'),
	(6,'Iquique'),
	(7,'Camiña'),
	(8,'Colchane'),
	(9,'Huara'),
	(10,'Pica'),
	(11,'Pozo Almonte'),
	(12,'Antofagasta'),
	(13,'Mejillones'),
	(14,'Sierra Gorda'),
	(15,'Taltal'),
	(16,'Calama'),
	(17,'Ollague'),
	(18,'San Pedro de Atacama'),
	(19,'María Elena'),
	(20,'Tocopilla'),
	(21,'Chañaral'),
	(22,'Diego de Almagro'),
	(23,'Caldera'),
	(24,'Copiapó'),
	(25,'Tierra Amarilla'),
	(26,'Alto del Carmen'),
	(27,'Freirina'),
	(28,'Huasco'),
	(29,'Vallenar'),
	(30,'Canela'),
	(31,'Illapel'),
	(32,'Los Vilos'),
	(33,'Salamanca'),
	(34,'Andacollo'),
	(35,'Coquimbo'),
	(36,'La Higuera'),
	(37,'La Serena'),
	(38,'Paihuaco'),
	(39,'Vicuña'),
	(40,'Combarbalá'),
	(41,'Monte Patria'),
	(42,'Ovalle'),
	(43,'Punitaqui'),
	(44,'Río Hurtado'),
	(45,'Isla de Pascua'),
	(46,'Calle Larga'),
	(47,'Los Andes'),
	(48,'Rinconada'),
	(49,'San Esteban'),
	(50,'La Ligua'),
	(51,'Papudo'),
	(52,'Petorca'),
	(53,'Zapallar'),
	(54,'Hijuelas'),
	(55,'La Calera'),
	(56,'La Cruz'),
	(57,'Limache'),
	(58,'Nogales'),
	(59,'Olmué'),
	(60,'Quillota'),
	(61,'Algarrobo'),
	(62,'Cartagena'),
	(63,'El Quisco'),
	(64,'El Tabo'),
	(65,'San Antonio'),
	(66,'Santo Domingo'),
	(67,'Catemu'),
	(68,'Llaillay'),
	(69,'Panquehue'),
	(70,'Putaendo'),
	(71,'San Felipe'),
	(72,'Santa María'),
	(73,'Casablanca'),
	(74,'Concón'),
	(75,'Juan Fernández'),
	(76,'Puchuncaví'),
	(77,'Quilpué'),
	(78,'Quintero'),
	(79,'Valparaíso'),
	(80,'Villa Alemana'),
	(81,'Viña del Mar'),
	(82,'Colina'),
	(83,'Lampa'),
	(84,'Tiltil'),
	(85,'Pirque'),
	(86,'Puente Alto'),
	(87,'San José de Maipo'),
	(88,'Buin'),
	(89,'Calera de Tango'),
	(90,'Paine'),
	(91,'San Bernardo'),
	(92,'Alhué'),
	(93,'Curacaví'),
	(94,'María Pinto'),
	(95,'Melipilla'),
	(96,'San Pedro'),
	(97,'Cerrillos'),
	(98,'Cerro Navia'),
	(99,'Conchalí'),
	(100,'El Bosque'),
	(101,'Estación Central'),
	(102,'Huechuraba'),
	(103,'Independencia'),
	(104,'La Cisterna'),
	(105,'La Granja'),
	(106,'La Florida'),
	(107,'La Pintana'),
	(108,'La Reina'),
	(109,'Las Condes'),
	(110,'Lo Barnechea'),
	(111,'Lo Espejo'),
	(112,'Lo Prado'),
	(113,'Macul'),
	(114,'Maipú'),
	(115,'Ñuñoa'),
	(116,'Pedro Aguirre Cerda'),
	(117,'Peñalolén'),
	(118,'Providencia'),
	(119,'Pudahuel'),
	(120,'Quilicura'),
	(121,'Quinta Normal'),
	(122,'Recoleta'),
	(123,'Renca'),
	(124,'San Miguel'),
	(125,'San Joaquín'),
	(126,'San Ramón'),
	(127,'Santiago'),
	(128,'Vitacura'),
	(129,'El Monte'),
	(130,'Isla de Maipo'),
	(131,'Padre Hurtado'),
	(132,'Peñaflor'),
	(133,'Talagante'),
	(134,'Codegua'),
	(135,'Coínco'),
	(136,'Coltauco'),
	(137,'Doñihue'),
	(138,'Graneros'),
	(139,'Las Cabras'),
	(140,'Machalí'),
	(141,'Malloa'),
	(142,'Mostazal'),
	(143,'Olivar'),
	(144,'Peumo'),
	(145,'Pichidegua'),
	(146,'Quinta de Tilcoco'),
	(147,'Rancagua'),
	(148,'Rengo'),
	(149,'Requínoa'),
	(150,'San Vicente de Tagua Tagua'),
	(151,'La Estrella'),
	(152,'Litueche'),
	(153,'Marchihue'),
	(154,'Navidad'),
	(155,'Peredones'),
	(156,'Pichilemu'),
	(157,'Chépica'),
	(158,'Chimbarongo'),
	(159,'Lolol'),
	(160,'Nancagua'),
	(161,'Palmilla'),
	(162,'Peralillo'),
	(163,'Placilla'),
	(164,'Pumanque'),
	(165,'San Fernando'),
	(166,'Santa Cruz'),
	(167,'Cauquenes'),
	(168,'Chanco'),
	(169,'Pelluhue'),
	(170,'Curicó'),
	(171,'Hualañé'),
	(172,'Licantén'),
	(173,'Molina'),
	(174,'Rauco'),
	(175,'Romeral'),
	(176,'Sagrada Familia'),
	(177,'Teno'),
	(178,'Vichuquén'),
	(179,'Colbún'),
	(180,'Linares'),
	(181,'Longaví'),
	(182,'Parral'),
	(183,'Retiro'),
	(184,'San Javier'),
	(185,'Villa Alegre'),
	(186,'Yerbas Buenas'),
	(187,'Constitución'),
	(188,'Curepto'),
	(189,'Empedrado'),
	(190,'Maule'),
	(191,'Pelarco'),
	(192,'Pencahue'),
	(193,'Río Claro'),
	(194,'San Clemente'),
	(195,'San Rafael'),
	(196,'Talca'),
	(197,'Bulnes'),
	(198,'Chillán'),
	(199,'Chillán Viejo'),
	(200,'Cobquecura'),
	(201,'Coelemu'),
	(202,'Coihueco'),
	(203,'El Carmen'),
	(204,'Ninhue'),
	(205,'Ñiquen'),
	(206,'Pemuco'),
	(207,'Pinto'),
	(208,'Portezuelo'),
	(209,'Quirihue'),
	(210,'Ránquil'),
	(211,'Treguaco'),
	(212,'Quillón'),
	(213,'San Carlos'),
	(214,'San Fabián'),
	(215,'San Ignacio'),
	(216,'San Nicolás'),
	(217,'Yungay'),
	(218,'Arauco'),
	(219,'Cañete'),
	(220,'Contulmo'),
	(221,'Curanilahue'),
	(222,'Lebu'),
	(223,'Los Álamos'),
	(224,'Tirúa'),
	(225,'Alto Biobío'),
	(226,'Antuco'),
	(227,'Cabrero'),
	(228,'Laja'),
	(229,'Los Ángeles'),
	(230,'Mulchén'),
	(231,'Nacimiento'),
	(232,'Negrete'),
	(233,'Quilaco'),
	(234,'Quilleco'),
	(235,'San Rosendo'),
	(236,'Santa Bárbara'),
	(237,'Tucapel'),
	(238,'Yumbel'),
	(239,'Chiguayante'),
	(240,'Concepción'),
	(241,'Coronel'),
	(242,'Florida'),
	(243,'Hualpén'),
	(244,'Hualqui'),
	(245,'Lota'),
	(246,'Penco'),
	(247,'San Pedro de La Paz'),
	(248,'Santa Juana'),
	(249,'Talcahuano'),
	(250,'Tomé'),
	(251,'Carahue'),
	(252,'Cholchol'),
	(253,'Cunco'),
	(254,'Curarrehue'),
	(255,'Freire'),
	(256,'Galvarino'),
	(257,'Gorbea'),
	(258,'Lautaro'),
	(259,'Loncoche'),
	(260,'Melipeuco'),
	(261,'Nueva Imperial'),
	(262,'Padre Las Casas'),
	(263,'Perquenco'),
	(264,'Pitrufquén'),
	(265,'Pucón'),
	(266,'Saavedra'),
	(267,'Temuco'),
	(268,'Teodoro Schmidt'),
	(269,'Toltén'),
	(270,'Vilcún'),
	(271,'Villarrica'),
	(272,'Angol'),
	(273,'Collipulli'),
	(274,'Curacautín'),
	(275,'Ercilla'),
	(276,'Lonquimay'),
	(277,'Los Sauces'),
	(278,'Lumaco'),
	(279,'Purén'),
	(280,'Renaico'),
	(281,'Traiguén'),
	(282,'Victoria'),
	(283,'Corral'),
	(284,'Lanco'),
	(285,'Los Lagos'),
	(286,'Máfil'),
	(287,'Mariquina'),
	(288,'Paillaco'),
	(289,'Panguipulli'),
	(290,'Valdivia'),
	(291,'Futrono'),
	(292,'La Unión'),
	(293,'Lago Ranco'),
	(294,'Río Bueno'),
	(295,'Ancud'),
	(296,'Castro'),
	(297,'Chonchi'),
	(298,'Curaco de Vélez'),
	(299,'Dalcahue'),
	(300,'Puqueldón'),
	(301,'Queilén'),
	(302,'Quemchi'),
	(303,'Quellón'),
	(304,'Quinchao'),
	(305,'Calbuco'),
	(306,'Cochamó'),
	(307,'Fresia'),
	(308,'Frutillar'),
	(309,'Llanquihue'),
	(310,'Los Muermos'),
	(311,'Maullín'),
	(312,'Puerto Montt'),
	(313,'Puerto Varas'),
	(314,'Osorno'),
	(315,'Puero Octay'),
	(316,'Purranque'),
	(317,'Puyehue'),
	(318,'Río Negro'),
	(319,'San Juan de la Costa'),
	(320,'San Pablo'),
	(321,'Chaitén'),
	(322,'Futaleufú'),
	(323,'Hualaihué'),
	(324,'Palena'),
	(325,'Aisén'),
	(326,'Cisnes'),
	(327,'Guaitecas'),
	(328,'Cochrane'),
	(329,'O higgins'),
	(330,'Tortel'),
	(331,'Coihaique'),
	(332,'Lago Verde'),
	(333,'Chile Chico'),
	(334,'Río Ibáñez'),
	(335,'Antártica'),
	(336,'Cabo de Hornos'),
	(337,'Laguna Blanca'),
	(338,'Punta Arenas'),
	(339,'Río Verde'),
	(340,'San Gregorio'),
	(341,'Porvenir'),
	(342,'Primavera'),
	(343,'Timaukel'),
	(344,'Natales'),
	(345,'Torres del Paine'),
	(346,'Cabildo');

--Tabla de Modelo/ Se podrian agregar mas pero esta LISTO--
insert into  modelo (id, nombre, marca, tipo) values (1, '2G4GZ5GVXB9053795', 'Mazda', 'MX-5');
insert into  modelo (id, nombre, marca, tipo) values (2, '5GAKRDED8CJ619141', 'Hyundai', 'Santa Fe');
insert into  modelo (id, nombre, marca, tipo) values (3, 'JTDKDTB39E1054887', 'Chevrolet', 'Suburban 2500');
insert into  modelo (id, nombre, marca, tipo) values (4, 'WAUTFAFH7BN696647', 'GMC', 'Savana 2500');
insert into  modelo (id, nombre, marca, tipo) values (5, 'WAUKF98E57A292824', 'Kia', 'Sportage');
insert into  modelo (id, nombre, marca, tipo) values (6, 'WAUBFAFL3CN951361', 'Ford', 'Windstar');
insert into  modelo (id, nombre, marca, tipo) values (7, '3N1CN7AP4EK205035', 'Acura', 'TL');
insert into  modelo (id, nombre, marca, tipo) values (8, 'SALVP1BG6FH867018', 'Dodge', 'Durango');
insert into  modelo (id, nombre, marca, tipo) values (9, 'SCFEBBBC3AG144980', 'Chevrolet', 'SSR');
insert into  modelo (id, nombre, marca, tipo) values (10, '2G4GW5EV2B9610906', 'Dodge', 'Ram 1500');

--Tabla de pago / LISTO--
insert into pago (id, monto, fecha_pago) values (1, 87238, '2019-11-02');
insert into pago (id, monto, fecha_pago) values (2, 80322, '2020-06-03');
insert into pago (id, monto, fecha_pago) values (3, 93968, '2019-07-12');
insert into pago (id, monto, fecha_pago) values (4, 64983, '2020-11-28');
insert into pago (id, monto, fecha_pago) values (5, 96440, '2020-12-16');
insert into pago (id, monto, fecha_pago) values (6, 95118, '2021-02-09');
insert into pago (id, monto, fecha_pago) values (7, 68610, '2020-08-28');
insert into pago (id, monto, fecha_pago) values (8, 84613, '2021-02-19');
insert into pago (id, monto, fecha_pago) values (9, 95024, '2020-10-17');
insert into pago (id, monto, fecha_pago) values (10, 84505, '2019-08-13');

insert into pago (id, monto, fecha_pago) values (11, 99238, '2020-11-02');
insert into pago (id, monto, fecha_pago) values (12, 98322, '2021-06-03');
insert into pago (id, monto, fecha_pago) values (13, 96968, '2020-07-12');
insert into pago (id, monto, fecha_pago) values (14, 85983, '2021-11-28');
insert into pago (id, monto, fecha_pago) values (15, 65440, '2021-12-16');
insert into pago (id, monto, fecha_pago) values (16, 75118, '2019-02-09');
insert into pago (id, monto, fecha_pago) values (17, 68910, '2021-08-28');
insert into pago (id, monto, fecha_pago) values (18, 89813, '2019-02-19');
insert into pago (id, monto, fecha_pago) values (19, 99924, '2019-10-17');
insert into pago (id, monto, fecha_pago) values (20, 98505, '2020-08-13');

insert into pago (id, monto, fecha_pago) values (21, 87998, '2019-11-03');
insert into pago (id, monto, fecha_pago) values (22, 80822, '2020-06-04');
insert into pago (id, monto, fecha_pago) values (23, 99968, '2019-07-13');
insert into pago (id, monto, fecha_pago) values (24, 89983, '2020-11-29');
insert into pago (id, monto, fecha_pago) values (25, 89440, '2020-12-17');
insert into pago (id, monto, fecha_pago) values (26, 98118, '2021-02-10');
insert into pago (id, monto, fecha_pago) values (27, 68610, '2020-08-29');
insert into pago (id, monto, fecha_pago) values (28, 94613, '2021-02-20');
insert into pago (id, monto, fecha_pago) values (29, 99024, '2020-10-18');
insert into pago (id, monto, fecha_pago) values (30, 98505, '2019-08-14');

insert into pago (id, monto, fecha_pago) values (31, 87238, '2019-12-02');
insert into pago (id, monto, fecha_pago) values (32, 80322, '2020-07-03');
insert into pago (id, monto, fecha_pago) values (33, 93968, '2019-08-12');
insert into pago (id, monto, fecha_pago) values (34, 64983, '2020-12-28');
insert into pago (id, monto, fecha_pago) values (35, 96440, '2021-01-16');
insert into pago (id, monto, fecha_pago) values (36, 95118, '2021-03-09');
insert into pago (id, monto, fecha_pago) values (37, 68610, '2020-07-28');
insert into pago (id, monto, fecha_pago) values (38, 84613, '2021-03-19');
insert into pago (id, monto, fecha_pago) values (39, 95024, '2020-11-17');
insert into pago (id, monto, fecha_pago) values (40, 84505, '2019-09-13');

--Tabla de Sueldo / LISTO--
insert into sueldo (id, monto) values (1, 4276227);
insert into sueldo (id, monto) values (2, 1536209);
insert into sueldo (id, monto) values (3, 3481348);
insert into sueldo (id, monto) values (4, 327240);
insert into sueldo (id, monto) values (5, 3846353);
insert into sueldo (id, monto) values (6, 2063611);
insert into sueldo (id, monto) values (7, 1303823);
insert into sueldo (id, monto) values (8, 757268);
insert into sueldo (id, monto) values (9, 3759168);
insert into sueldo (id, monto) values (10, 3944749);

insert into sueldo (id, monto) values (11, 5276227);
insert into sueldo (id, monto) values (12, 2536209);
insert into sueldo (id, monto) values (13, 4481348);
insert into sueldo (id, monto) values (14, 427240);
insert into sueldo (id, monto) values (15, 4846353);
insert into sueldo (id, monto) values (16, 3063611);
insert into sueldo (id, monto) values (17, 2303823);
insert into sueldo (id, monto) values (18, 857268);
insert into sueldo (id, monto) values (19, 4464555);
insert into sueldo (id, monto) values (20, 4944749);

--Tabla de Cliente / LISTO--
insert into cliente (id, first_name, last_name, gender, fecha_de_nacimiento, "id_comuna") values (1, 'Derrek', 'Flaunier', 'Female', '1972-10-02', 1);
insert into cliente (id, first_name, last_name, gender, fecha_de_nacimiento, "id_comuna") values (2, 'Stewart', 'Heeron', 'Female', '1971-12-16', 12);
insert into cliente (id, first_name, last_name, gender, fecha_de_nacimiento, "id_comuna") values (3, 'Cynde', 'O''Roan', 'Bigender', '1978-06-24', 13);
insert into cliente (id, first_name, last_name, gender, fecha_de_nacimiento, "id_comuna") values (4, 'Guenevere', 'Phillput', 'Polygender', '1965-01-24', 12);
insert into cliente (id, first_name, last_name, gender, fecha_de_nacimiento, "id_comuna") values (5, 'Emmey', 'Bodocs', 'Genderfluid', '1955-06-06', 8);
insert into cliente (id, first_name, last_name, gender, fecha_de_nacimiento, "id_comuna") values (6, 'Ardene', 'Haythorn', 'Non-binary', '1968-03-29', 8);
insert into cliente (id, first_name, last_name, gender, fecha_de_nacimiento, "id_comuna") values (7, 'Nealson', 'Jephson', 'Genderqueer', '1983-08-03', );
insert into cliente (id, first_name, last_name, gender, fecha_de_nacimiento, "id_comuna") values (8, 'Aviva', 'Sesons', 'Genderqueer', '1963-04-28', 100);
insert into cliente (id, first_name, last_name, gender, fecha_de_nacimiento, "id_comuna") values (9, 'Berrie', 'D''eath', 'Female', '1994-11-12', 19);
insert into cliente (id, first_name, last_name, gender, fecha_de_nacimiento, "id_comuna") values (10, 'Karl', 'Beggan', 'Non-binary', '1944-01-08', 1);

insert into cliente (id, first_name, last_name, gender, fecha_de_nacimiento, "id_comuna") values (11, 'Luis', 'Flaunier', 'Female', '1965-11-02', 7);
insert into cliente (id, first_name, last_name, gender, fecha_de_nacimiento, "id_comuna") values (12, 'Andres', 'Heeron', 'Female', '1975-02-16', 6);
insert into cliente (id, first_name, last_name, gender, fecha_de_nacimiento, "id_comuna") values (13, 'Maurico', 'O''Roan', 'Bigender', '1985-05-24', 2);
insert into cliente (id, first_name, last_name, gender, fecha_de_nacimiento, "id_comuna") values (14, 'Nicolas', 'Phillput', 'Polygender', '1955-05-24', 2);
insert into cliente (id, first_name, last_name, gender, fecha_de_nacimiento, "id_comuna") values (15, 'Javier', 'Bodocs', 'Genderfluid', '1965-06-06', 2);
insert into cliente (id, first_name, last_name, gender, fecha_de_nacimiento, "id_comuna") values (16, 'David', 'Haythorn', 'Non-binary', '1969-04-29', 4);
insert into cliente (id, first_name, last_name, gender, fecha_de_nacimiento, "id_comuna") values (17, 'Benjamin', 'Jephson', 'Genderqueer', '1985-09-03', 4);
insert into cliente (id, first_name, last_name, gender, fecha_de_nacimiento, "id_comuna") values (18, 'Tomas', 'Sesons', 'Genderqueer', '1967-05-28', 4);
insert into cliente (id, first_name, last_name, gender, fecha_de_nacimiento, "id_comuna") values (19, 'Sebastian', 'D''eath', 'Female', '1995-12-12', 4);
insert into cliente (id, first_name, last_name, gender, fecha_de_nacimiento, "id_comuna") values (20, 'Armando', 'Beggan', 'Non-binary', '1945-02-08', 4);


--Tabla de Vehiculo / LISTO--
insert into vehiculo (id, patente, fecha_fabricacion, "id_modelo") values (1, 'UP-LN-AP', '2020-11-21', 2);
insert into vehiculo (id, patente, fecha_fabricacion, "id_modelo") values (2, 'Z6-JP-6J', '2020-07-31', 3);
insert into vehiculo (id, patente, fecha_fabricacion, "id_modelo") values (3, 'HL-WH-V1', '2021-03-08', 2);
insert into vehiculo (id, patente, fecha_fabricacion, "id_modelo") values (4, '7A-JP-P6', '2020-10-23', 2);
insert into vehiculo (id, patente, fecha_fabricacion, "id_modelo") values (5, 'H4-B3-2J', '2019-10-21', 2);
insert into vehiculo (id, patente, fecha_fabricacion, "id_modelo") values (6, 'Q5-JZ-G6', '2020-08-19', 1);
insert into vehiculo (id, patente, fecha_fabricacion, "id_modelo") values (7, 'L0-PO-L3', '2019-07-28', 1);
insert into vehiculo (id, patente, fecha_fabricacion, "id_modelo") values (8, 'NR-KE-R2', '2019-10-24', 5);
insert into vehiculo (id, patente, fecha_fabricacion, "id_modelo") values (9, '3O-7I-0G', '2019-11-26', 4);
insert into vehiculo (id, patente, fecha_fabricacion, "id_modelo") values (10, 'YX-94-PT', '2020-05-06', 3);

--Tabla de Cliente_Vehiculo--
insert into cliente_vehiculo (id, "id_vehiculo", "id_cliente") values (1, 1, 2);
insert into cliente_vehiculo (id, "id_vehiculo", "id_cliente") values (2, 2, 3);
insert into cliente_vehiculo (id, "id_vehiculo", "id_cliente") values (3, 3, 2);
insert into cliente_vehiculo (id, "id_vehiculo", "id_cliente") values (4, 9, 2);
insert into cliente_vehiculo (id, "id_vehiculo", "id_cliente") values (5, 8, 2);
insert into cliente_vehiculo (id, "id_vehiculo", "id_cliente") values (6, 7, 1);
insert into cliente_vehiculo (id, "id_vehiculo", "id_cliente") values (7, 4, 1);
insert into cliente_vehiculo (id, "id_vehiculo", "id_cliente") values (8, 5, 5);
insert into cliente_vehiculo (id, "id_vehiculo", "id_cliente") values (9, 6, 4);
insert into cliente_vehiculo (id, "id_vehiculo", "id_cliente") values (10, 10, 3);






--Tabla de Lugar --
/*falta la foranea!!!!!

insert into lugar (id, piso, numero) values (1, 0, 1);
insert into lugar (id, piso, numero) values (2, 5, 2);
insert into lugar (id, piso, numero) values (3, 2, 3);
insert into lugar (id, piso, numero) values (4, 9, 4);
insert into lugar (id, piso, numero) values (5, 1, 5);
insert into lugar (id, piso, numero) values (6, 4, 6);
insert into lugar (id, piso, numero) values (7, 10, 7);
insert into lugar (id, piso, numero) values (8, 7, 8);
insert into lugar (id, piso, numero) values (9, 5, 9);
insert into lugar (id, piso, numero) values (10, 2, 10);

*/


--Tabla de lugar_cliente_vehiculo--



--Tabla de Empleado--
/*
insert into empleado (rut, first_name, last_name, tipo) values ('12.994.020-8', 'Nert', 'Trafford', 'Guardia');
insert into empleado (rut, first_name, last_name, tipo) values ('14.723.649-8', 'Matty', 'Scrimgeour', 'Guardia');
insert into empleado (rut, first_name, last_name, tipo) values ('17.015.625-7', 'Harriot', 'Gunby', 'Portero');
insert into empleado (rut, first_name, last_name, tipo) values ('10.629.591-K', 'Jermain', 'Flather', 'Portero');
insert into empleado (rut, first_name, last_name, tipo) values ('15.281.374-3', 'Emmery', 'Izatson', 'Guardia');
insert into empleado (rut, first_name, last_name, tipo) values ('12.348.185-1', 'Darrin', 'Folland', 'Cajero');
insert into empleado (rut, first_name, last_name, tipo) values ('12.287.931-1', 'Blake', 'Askell', 'Guardia');
insert into empleado (rut, first_name, last_name, tipo) values ('15.791.787-4', 'Lutero', 'Raulston', 'Guardia');
insert into empleado (rut, first_name, last_name, tipo) values ('17.241.324-2', 'Shantee', 'Brandreth', 'Conserje');
insert into empleado (rut, first_name, last_name, tipo) values ('12.705.287-3', 'Alphard', 'Seiler', 'Guardia');
*/







