insert into public.habilidad (id, descrip) values (1, 'Maecenas leo odio, pede ac diam. Cras pellentesque volutpat dui.');
insert into public.habilidad (id, descrip) values (2, 'Vestibulum quam sapien, varius ut, Curabitur convallis.');
insert into public.habilidad (id, descrip) values (3, 'Aenean lectus. Pec quis orci eget orci vehicula condimentum.');
insert into public.habilidad (id, descrip) values (4, 'Pellentesque at nulla. Suspendisse potenti. Cras in purus eu magna vulputate luctus.');
insert into public.habilidad (id, descrip) values (5, 'Morbi porttitor lorem id ligula. tristique in, tempus sit amet, sem.');
insert into public.habilidad (id, descrip) values (6, 'Curabitur gravida nisi at nibh. In quam augue consectetuer eget, rutrum at, lorem.');
insert into public.habilidad (id, descrip) values (7, 'Duis aliquam convallis nunc. Proin at turpis a pede posuere nonummy. Integer non velit.');
insert into public.habilidad (id, descrip) values (8, 'Phasellus sit amet erat. Nulla tempus. Vivamus in felis eu sapien cursus vestibulum.');
insert into public.habilidad (id, descrip) values (9, 'Morbi non lectus. venenatis non, sodales sed, tincidunt eu, felis.');
insert into public.habilidad (id, descrip) values (10, 'Duis aliquam convallis nunc. Proin at turpis a  Integer non velit.');

insert into public.voluntario (id, nombre, fnacimiento, email, pass) values (1, 'Rosabel Cellier', '2020-12-10','pipe@xd.com','pipe');
insert into public.voluntario (id, nombre, fnacimiento, email, pass) values (2, 'Meggie Winpenny', '2021-01-12','mbonn1@list-manage.com','mB6dGjdchWSK');
insert into public.voluntario (id, nombre, fnacimiento, email, pass) values (3, 'Greta Brea', '2020-06-27','hbeacom2@meetup.com','tkqIWKN');
insert into public.voluntario (id, nombre, fnacimiento, email, pass) values (4, 'Ilsa Plewright', '2020-06-09','svertey3@sciencedirect.com','3FXIOZScx0C');
insert into public.voluntario (id, nombre, fnacimiento, email, pass) values (5, 'Kissie Possek', '2021-05-19','jcatterell4@nifty.com','RtLEXSxhKTw');
insert into public.voluntario (id, nombre, fnacimiento, email, pass) values (6, 'Marj Pickston', '2021-05-20','smicklewright5@foxnews.com','Nm1oMZy5e7W');
insert into public.voluntario (id, nombre, fnacimiento, email, pass) values (7, 'Westleigh Weeds', '2021-01-01','clapenna6@shop-pro.jp','UijtC4IM');
insert into public.voluntario (id, nombre, fnacimiento, email, pass) values (8, 'Aprilette Ahrendsen', '2021-04-08','nfetterplace9@mac.com','J3yeyeTwxd5w');
insert into public.voluntario (id, nombre, fnacimiento, email, pass) values (9, 'Leonanie Heiden', '2021-01-09','sbordisf@vimeo.com','eluuNPLP1NV3');
insert into public.voluntario (id, nombre, fnacimiento, email, pass) values (10, 'Karalee Meachen', '2021-01-16','trosomang@newsvine.com','XkL7AU8IvAKQ');

insert into public.vol_habilidad (id, id_voluntario, id_habilidad) values (1, 3, 5);
insert into public.vol_habilidad (id, id_voluntario, id_habilidad) values (2, 2, 1);
insert into public.vol_habilidad (id, id_voluntario, id_habilidad) values (3, 3, 5);
insert into public.vol_habilidad (id, id_voluntario, id_habilidad) values (4, 1, 9);
insert into public.vol_habilidad (id, id_voluntario, id_habilidad) values (5, 8, 10);
insert into public.vol_habilidad (id, id_voluntario, id_habilidad) values (6, 8, 3);
insert into public.vol_habilidad (id, id_voluntario, id_habilidad) values (7, 5, 10);
insert into public.vol_habilidad (id, id_voluntario, id_habilidad) values (8, 6, 4);
insert into public.vol_habilidad (id, id_voluntario, id_habilidad) values (9, 4, 7);
insert into public.vol_habilidad (id, id_voluntario, id_habilidad) values (10, 5, 3);

insert into public.estado_tarea (id, descrip) values (1, 'thtvkodsdxjl');
insert into public.estado_tarea (id, descrip) values (2, 'dnnukzwygnbf');
insert into public.estado_tarea (id, descrip) values (3, 'cwvxjhdyapfz');
insert into public.estado_tarea (id, descrip) values (4, 'ufikixktnsdw');
insert into public.estado_tarea (id, descrip) values (5, 'ceydztjnackv');
insert into public.estado_tarea (id, descrip) values (6, 'dfdoznjllcts');
insert into public.estado_tarea (id, descrip) values (7, 'wncyvydktiwq');
insert into public.estado_tarea (id, descrip) values (8, 'crwpxjmhojuc');
insert into public.estado_tarea (id, descrip) values (9, 'ftgiwclzshgr');
insert into public.estado_tarea (id, descrip) values (10, 'fbamlsadmtgn');

insert into public.institucion (id, nombre, descrip) values (1, 'Baumbach and Sons', 'shlowwlytxjo');
insert into public.institucion (id, nombre, descrip) values (2, 'Kreiger, Skiles and Johnson', 'xwaeiqvqttoh');
insert into public.institucion (id, nombre, descrip) values (3, 'Moore-Effertz', 'ydsovbsngkzp');
insert into public.institucion (id, nombre, descrip) values (4, 'Tromp-Boehm', 'wijqildxpuvs');
insert into public.institucion (id, nombre, descrip) values (5, 'Braun-Kautzer', 'wrjkfsrzhbyf');
insert into public.institucion (id, nombre, descrip) values (6, 'Shields-Schuster', 'lapzterojjsd');
insert into public.institucion (id, nombre, descrip) values (7, 'Spencer LLC', 'pewrvioukxgi');
insert into public.institucion (id, nombre, descrip) values (8, 'Osinski-Windler', 'ilwrfvoygbzx');
insert into public.institucion (id, nombre, descrip) values (9, 'Wuckert-Kerluke', 'mmfafofqvfgi');
insert into public.institucion (id, nombre, descrip) values (10, 'Blanda-Terry', 'uutpowoybwbj');

insert into public.emergencia (id, nombre, descrip, finicio, ffin, id_institucion) values (1, 'Marketing', 'xyzgdjxozmhw', '2021-01-20', '2021-03-01', 1);
insert into public.emergencia (id, nombre, descrip, finicio, ffin, id_institucion) values (2, 'Accounting', 'cbjqdizworys', '2020-06-26', '2021-05-01', 2);
insert into public.emergencia (id, nombre, descrip, finicio, ffin, id_institucion) values (3, 'Legal', 'oxzewntmqywo', '2020-12-18', '2020-07-05', 3);
insert into public.emergencia (id, nombre, descrip, finicio, ffin, id_institucion) values (4, 'Accounting', 'vbmrwthainpc', '2020-09-19', '2020-10-25', 4);
insert into public.emergencia (id, nombre, descrip, finicio, ffin, id_institucion) values (5, 'Legal', 'uxuardqcviks', '2020-05-30', '2021-03-08', 5);
insert into public.emergencia (id, nombre, descrip, finicio, ffin, id_institucion) values (6, 'Engineering', 'derhoqxoaxkq', '2020-09-13', '2021-04-11', 6);
insert into public.emergencia (id, nombre, descrip, finicio, ffin, id_institucion) values (7, 'Marketing', 'bjlocljyikaf', '2021-02-02', '2020-12-30', 7);
insert into public.emergencia (id, nombre, descrip, finicio, ffin, id_institucion) values (8, 'Engineering', 'nklatewygyeg', '2020-07-21', '2021-04-29', 8);
insert into public.emergencia (id, nombre, descrip, finicio, ffin, id_institucion) values (9, 'Legal', 'mgyeosbyrrbh', '2020-08-25', '2020-08-07', 9);
insert into public.emergencia (id, nombre, descrip, finicio, ffin, id_institucion) values (10, 'Research and Development', 'zswjpvrbclcb', '2021-03-30', '2020-10-07', 10);

insert into public.tarea (id, nombre, descrip, cant_vol_requeridos, cant_vol_inscritos, id_emergencia, finicio, ffin, id_estado) values (1, 'COUMADIN', 'Proin leo odio, porttitor id, consequat in, consequat ut, nulla. Sed accumsan felis. Ut at dolor quis odio consequat varius.', 37, 49, 1, '2021-03-12', '2021-04-05', 1);
insert into public.tarea (id, nombre, descrip, cant_vol_requeridos, cant_vol_inscritos, id_emergencia, finicio, ffin, id_estado) values (2, 'Cytarabine', 'Nullam sit amet turpis elementum ligula vehicula consequat. Morbi a ipsum. Integer a nibh.', 65, 67, 2, '2021-04-26', '2020-12-05', 2);
insert into public.tarea (id, nombre, descrip, cant_vol_requeridos, cant_vol_inscritos, id_emergencia, finicio, ffin, id_estado) values (3, 'Vineyard Grape Antibacterial Hand Wash', 'Duis bibendum. Morbi non quam nec dui luctus rutrum. Nulla tellus.', 31, 8, 3, '2020-07-25', '2021-02-15', 3);
insert into public.tarea (id, nombre, descrip, cant_vol_requeridos, cant_vol_inscritos, id_emergencia, finicio, ffin, id_estado) values (4, 'ANTI BACTERIAL HAND SANITIZER', 'Sed ante. Vivamus tortor. Duis mattis egestas metus.', 75, 49, 4, '2021-02-07', '2021-05-24', 4);
insert into public.tarea (id, nombre, descrip, cant_vol_requeridos, cant_vol_inscritos, id_emergencia, finicio, ffin, id_estado) values (5, 'HYDROCORTISONE ACETATE', 'Sed sagittis. Nam congue, risus semper porta volutpat, quam pede lobortis ligula, sit amet eleifend pede libero quis orci. Nullam molestie nibh in lectus.', 88, 7, 5, '2021-03-03', '2021-02-18', 5);
insert into public.tarea (id, nombre, descrip, cant_vol_requeridos, cant_vol_inscritos, id_emergencia, finicio, ffin, id_estado) values (6, 'IBUPROFEN', 'Fusce posuere felis sed lacus. Morbi sem mauris, laoreet ut, rhoncus aliquet, pulvinar sed, nisl. Nunc rhoncus dui vel sem.', 4, 25, 6, '2020-12-23', '2020-11-06', 6);
insert into public.tarea (id, nombre, descrip, cant_vol_requeridos, cant_vol_inscritos, id_emergencia, finicio, ffin, id_estado) values (7, 'MS CONTIN', 'In hac habitasse platea dictumst. Etiam faucibus cursus urna. Ut tellus.', 46, 100, 7, '2020-10-10', '2020-09-16', 7);
insert into public.tarea (id, nombre, descrip, cant_vol_requeridos, cant_vol_inscritos, id_emergencia, finicio, ffin, id_estado) values (8, 'Diphenoxylate Hydrochloride and Atropine Sulfate', 'Cras mi pede, malesuada in, imperdiet et, commodo vulputate, justo. In blandit ultrices enim. Lorem ipsum dolor sit amet, consectetuer adipiscing elit.', 81, 27, 8, '2020-09-12', '2021-04-09', 8);
insert into public.tarea (id, nombre, descrip, cant_vol_requeridos, cant_vol_inscritos, id_emergencia, finicio, ffin, id_estado) values (9, 'Nitrogen', 'Duis bibendum, felis sed interdum venenatis, turpis enim blandit mi, in porttitor pede justo eu massa. Donec dapibus. Duis at velit eu est congue elementum.', 70, 28, 9, '2021-01-31', '2020-08-14', 9);
insert into public.tarea (id, nombre, descrip, cant_vol_requeridos, cant_vol_inscritos, id_emergencia, finicio, ffin, id_estado) values (10, 'COMETRIQ', 'Proin eu mi. Nulla ac enim. In tempor, turpis nec euismod scelerisque, quam turpis adipiscing lorem, vitae mattis nibh ligula nec sem.', 26, 15, 10, '2020-06-29', '2021-01-10', 10);

insert into public.ranking (id, id_voluntario, id_tarea, puntaje, flg_invitado, flg_participa) values (1, 2, 7, 9, 1, 9);
insert into public.ranking (id, id_voluntario, id_tarea, puntaje, flg_invitado, flg_participa) values (2, 4, 1, 8, 6, 1);
insert into public.ranking (id, id_voluntario, id_tarea, puntaje, flg_invitado, flg_participa) values (3, 7, 1, 5, 4, 2);
insert into public.ranking (id, id_voluntario, id_tarea, puntaje, flg_invitado, flg_participa) values (4, 8, 9, 9, 6, 1);
insert into public.ranking (id, id_voluntario, id_tarea, puntaje, flg_invitado, flg_participa) values (5, 4, 6, 6, 8, 9);
insert into public.ranking (id, id_voluntario, id_tarea, puntaje, flg_invitado, flg_participa) values (6, 1, 2, 9, 3, 1);
insert into public.ranking (id, id_voluntario, id_tarea, puntaje, flg_invitado, flg_participa) values (7, 3, 5, 9, 5, 5);
insert into public.ranking (id, id_voluntario, id_tarea, puntaje, flg_invitado, flg_participa) values (8, 1, 5, 4, 6, 9);
insert into public.ranking (id, id_voluntario, id_tarea, puntaje, flg_invitado, flg_participa) values (9, 7, 9, 4, 6, 8);
insert into public.ranking (id, id_voluntario, id_tarea, puntaje, flg_invitado, flg_participa) values (10, 1, 9, 8, 1, 8);

insert into public.eme_habilidad (id, id_emergencia, id_habilidad) values (1, 9, 8);
insert into public.eme_habilidad (id, id_emergencia, id_habilidad) values (2, 1, 7);
insert into public.eme_habilidad (id, id_emergencia, id_habilidad) values (3, 10, 2);
insert into public.eme_habilidad (id, id_emergencia, id_habilidad) values (4, 2, 6);
insert into public.eme_habilidad (id, id_emergencia, id_habilidad) values (5, 10, 10);
insert into public.eme_habilidad (id, id_emergencia, id_habilidad) values (6, 3, 7);
insert into public.eme_habilidad (id, id_emergencia, id_habilidad) values (7, 2, 4);
insert into public.eme_habilidad (id, id_emergencia, id_habilidad) values (8, 1, 8);
insert into public.eme_habilidad (id, id_emergencia, id_habilidad) values (9, 7, 4);
insert into public.eme_habilidad (id, id_emergencia, id_habilidad) values (10, 6, 6);

insert into public.tarea_habilidad (id, id_emehab, id_tarea) values (1, 4, 1);
insert into public.tarea_habilidad (id, id_emehab, id_tarea) values (2, 3, 9);
insert into public.tarea_habilidad (id, id_emehab, id_tarea) values (3, 10, 3);
insert into public.tarea_habilidad (id, id_emehab, id_tarea) values (4, 6, 9);
insert into public.tarea_habilidad (id, id_emehab, id_tarea) values (5, 3, 8);
insert into public.tarea_habilidad (id, id_emehab, id_tarea) values (6, 8, 6);
insert into public.tarea_habilidad (id, id_emehab, id_tarea) values (7, 2, 8);
insert into public.tarea_habilidad (id, id_emehab, id_tarea) values (8, 8, 6);
insert into public.tarea_habilidad (id, id_emehab, id_tarea) values (9, 9, 3);
insert into public.tarea_habilidad (id, id_emehab, id_tarea) values (10, 8, 1);
