insert into public.habilidad (id, descrip) values (1, 'Tener auto');
insert into public.habilidad (id, descrip) values (2, 'Donar agua');
insert into public.habilidad (id, descrip) values (3, 'Donar vestuario');
insert into public.habilidad (id, descrip) values (4, 'Tener herramientas');
insert into public.habilidad (id, descrip) values (5, 'Mano de obra');
insert into public.habilidad (id, descrip) values (6, 'Conocimiento en medicina');
insert into public.habilidad (id, descrip) values (7, 'Donar alimentos no perecibles');
insert into public.habilidad (id, descrip) values (8, 'Saber de primeros auxilios');
insert into public.habilidad (id, descrip) values (9, 'Tener jaulas de animales');
insert into public.habilidad (id, descrip) values (10,'Donar materiales de construcción');
insert into public.habilidad (id, descrip) values (11,'Hacer Aseo');
insert into public.habilidad (id, descrip) values (12,'Saber Buscar Personas');

insert into public.voluntario (id, nombre, fnacimiento, email, pass, loginToken, ubicacion) values (1, 'Rosabel Cellier', '2020-12-10','pipe@xd.com','pipe',0, public.ST_GeomFromText('POINT(-72.092285 -36.597889)', 4326));
insert into public.voluntario (id, nombre, fnacimiento, email, pass, loginToken, ubicacion) values (2, 'Meggie Winpenny', '2021-01-12','mbonn1@list-manage.com','mB6dGjdchWSK',0, public.ST_GeomFromText('POINT(-71.661072 -35.427106)', 4326));
insert into public.voluntario (id, nombre, fnacimiento, email, pass, loginToken, ubicacion) values (3, 'Greta Brea', '2020-06-27','hbeacom2@meetup.com','tkqIWKN',0, public.ST_GeomFromText('POINT(-72.410889 -35.339774)', 4326));
insert into public.voluntario (id, nombre, fnacimiento, email, pass, loginToken, ubicacion) values (4, 'Ilsa Plewright', '2020-06-09','svertey3@sciencedirect.com','3FXIOZScx0C',0, public.ST_GeomFromText('POINT(-71.595154 -35.846761)', 4326));
insert into public.voluntario (id, nombre, fnacimiento, email, pass, loginToken, ubicacion) values (5, 'Kissie Possek', '2021-05-19','jcatterell4@nifty.com','RtLEXSxhKTw',0, public.ST_GeomFromText('POINT(-73.114014 -36.714669)', 4326));
insert into public.voluntario (id, nombre, fnacimiento, email, pass, loginToken, ubicacion) values (6, 'Marj Pickston', '2021-05-20','smicklewright5@foxnews.com','Nm1oMZy5e7W',0, public.ST_GeomFromText('POINT(-72.350464 -37.470498)', 4326));
insert into public.voluntario (id, nombre, fnacimiento, email, pass, loginToken, ubicacion) values (7, 'Westleigh Weeds', '2021-01-01','clapenna6@shop-pro.jp','UijtC4IM',0, public.ST_GeomFromText('POINT(-70.739594 -34.172045)', 4326));
insert into public.voluntario (id, nombre, fnacimiento, email, pass, loginToken, ubicacion) values (8, 'Aprilette Ahrendsen', '2021-04-08','nfetterplace9@mac.com','J3yeyeTwxd5w',0, public.ST_GeomFromText('POINT(-70.675499 -33.528392)', 4326));
insert into public.voluntario (id, nombre, fnacimiento, email, pass, loginToken, ubicacion) values (9, 'Juan Manuel Zolezzi', '2021-01-09','zolezzi@usach.com','eluuNPLP1NV3',0, public.ST_GeomFromText('POINT(-70.681636 -33.449114)', 4326));
insert into public.voluntario (id, nombre, fnacimiento, email, pass, loginToken, ubicacion) values (10, 'Mauricio Javier Paredes Bugueño', '2021-03-06','huevito@rey.com','XkL7AU8IvAKQ',0, public.ST_GeomFromText('POINT(-71.509167 -33.039722)', 4326));
insert into public.voluntario (id, nombre, fnacimiento, email, pass, loginToken, ubicacion) values (11, 'David Ramirez', '2021-05-10','david@ramirez.com','g@QuML%cpp!G',0, public.ST_GeomFromText('POINT(-72.377930 -37.483577)', 4326));
insert into public.voluntario (id, nombre, fnacimiento, email, pass, loginToken, ubicacion) values (12, 'Javier Lopez', '2021-01-26','javier@lopez.com','QT&fxvyPf@6c',0, public.ST_GeomFromText('POINT(-72.586670 -38.754083)', 4326));
insert into public.voluntario (id, nombre, fnacimiento, email, pass, loginToken, ubicacion) values (13, 'Felipe Sepulveda', '2021-02-28','pipe@lonk.com','Cj7%5BKDEvHr',0, public.ST_GeomFromText('POINT(-73.234863 -39.842286)', 4326));
insert into public.voluntario (id, nombre, fnacimiento, email, pass, loginToken, ubicacion) values (14, 'Benjamin Donosó', '2021-03-07','benjax8888@gmail.com','ND#f0xn099Dl',0, public.ST_GeomFromText('POINT(-71.037598 -33.422272)', 4326));
insert into public.voluntario (id, nombre, fnacimiento, email, pass, loginToken, ubicacion) values (15, 'Daniel Francisco Reyes Sepulveda', '2021-01-01','dani@rey.com','qCIlqbjN6%vM',0, public.ST_GeomFromText('POINT(-71.586914 -33.578015)', 4326));
insert into public.voluntario (id, nombre, fnacimiento, email, pass, loginToken, ubicacion) values (16, 'Nicolas Ortega', '2021-04-09','nico@2god.com','*KLjwCef%B@9',0, public.ST_GeomFromText('POINT(-70.894775 -34.216345)', 4326));
insert into public.voluntario (id, nombre, fnacimiento, email, pass, loginToken, ubicacion) values (17, 'Diego Armando Moya', '2021-01-27','mara@moya.com','m$xZI#dNv$8R',0, public.ST_GeomFromText('POINT(-70.708008 -33.587167)', 4326));
insert into public.voluntario (id, nombre, fnacimiento, email, pass, loginToken, ubicacion) values (18, 'Alonso Araya', '2021-01-30','alonso@araya.com','ayTM3*$GRyE*',0, public.ST_GeomFromText('POINT(-70.598145 -32.851903)', 4326));
insert into public.voluntario (id, nombre, fnacimiento, email, pass, loginToken, ubicacion) values (19, 'Peryllan Salgado', '2021-01-22','dylan@pera.com','kAL5@e9s!^dr',0, public.ST_GeomFromText('POINT(-70.740967 -33.358062)', 4326));
insert into public.voluntario (id, nombre, fnacimiento, email, pass, loginToken, ubicacion) values (20, 'Alfredo Moya', '2021-01-11','alfredo@moyita.com','k7W&EL$FI3cd',0, public.ST_GeomFromText('POINT(-70.740967 -33.504759)', 4326));


insert into public.vol_habilidad (id, id_voluntario, id_habilidad) values (1, 3, 5);
insert into public.vol_habilidad (id, id_voluntario, id_habilidad) values (2, 2, 1);
insert into public.vol_habilidad (id, id_voluntario, id_habilidad) values (3, 3, 5);
insert into public.vol_habilidad (id, id_voluntario, id_habilidad) values (4, 1, 9);
insert into public.vol_habilidad (id, id_voluntario, id_habilidad) values (5, 8, 10);
insert into public.vol_habilidad (id, id_voluntario, id_habilidad) values (6, 8, 3);
insert into public.vol_habilidad (id, id_voluntario, id_habilidad) values (7, 5, 10);
insert into public.vol_habilidad (id, id_voluntario, id_habilidad) values (8, 6, 4);
insert into public.vol_habilidad (id, id_voluntario, id_habilidad) values (9, 4, 7);
insert into public.vol_habilidad (id, id_voluntario, id_habilidad) values (10, 5, 3);

insert into public.estado_tarea (id, descrip) values (1, 'No Realizado');
insert into public.estado_tarea (id, descrip) values (2, 'En Proceso');
insert into public.estado_tarea (id, descrip) values (3, 'Realizado');


insert into public.institucion (id, nombre, descrip) values (1, 'Baumbach and Sons', 'shlowwlytxjo');
insert into public.institucion (id, nombre, descrip) values (2, 'Kreiger, Skiles and Johnson', 'xwaeiqvqttoh');
insert into public.institucion (id, nombre, descrip) values (3, 'Moore-Effertz', 'ydsovbsngkzp');
insert into public.institucion (id, nombre, descrip) values (4, 'Tromp-Boehm', 'wijqildxpuvs');
insert into public.institucion (id, nombre, descrip) values (5, 'Braun-Kautzer', 'wrjkfsrzhbyf');
insert into public.institucion (id, nombre, descrip) values (6, 'Shields-Schuster', 'lapzterojjsd');
insert into public.institucion (id, nombre, descrip) values (7, 'Spencer LLC', 'pewrvioukxgi');
insert into public.institucion (id, nombre, descrip) values (8, 'Osinski-Windler', 'ilwrfvoygbzx');
insert into public.institucion (id, nombre, descrip) values (9, 'Wuckert-Kerluke', 'mmfafofqvfgi');
insert into public.institucion (id, nombre, descrip) values (10, 'Blanda-Terry', 'uutpowoybwbj');

insert into public.emergencia (id, nombre, descrip, finicio, ffin, ubicacion, id_institucion) values (1, 'Terremoto', 'Se necesitan voluntarios para rescatar perros atrapados.', '2021-01-20', '2021-03-01', public.ST_GeomFromText('POINT(-71.605196 -33.521862)', 4326), 1);
insert into public.emergencia (id, nombre, descrip, finicio, ffin, ubicacion, id_institucion) values (2, 'Incendio Forestal', 'Buscamos gente con awa.', '2020-06-26', '2021-05-01', public.ST_GeomFromText('POINT(-71.218014 -33.685211)', 4326), 2);
insert into public.emergencia (id, nombre, descrip, finicio, ffin, ubicacion, id_institucion) values (3, 'Aluvión', 'Buscamos gente para ayudar a las personas sin hogar.', '2020-12-18', '2020-07-05', public.ST_GeomFromText('POINT(-72.951965 -41.468457)', 4326), 3);
insert into public.emergencia (id, nombre, descrip, finicio, ffin, ubicacion, id_institucion) values (4, 'Terremoto', 'Se necesitan personas para la construcción de viviendas.', '2020-09-19', '2020-10-25', public.ST_GeomFromText('POINT(-71.339047 -29.962679)', 4326), 4);
insert into public.emergencia (id, nombre, descrip, finicio, ffin, ubicacion, id_institucion) values (5, 'Incendio', 'Se necesita mano de obra para ayudar en la reconstrucción de viviendas.', '2020-05-30', '2021-03-08', public.ST_GeomFromText('POINT(-70.682162 -33.448586)', 4326), 5);
insert into public.emergencia (id, nombre, descrip, finicio, ffin, ubicacion, id_institucion) values (6, 'Terremoto', 'Persona con auto para movilizar perritos.', '2020-09-13', '2021-04-11', public.ST_GeomFromText('POINT(-71.152267 -33.646207)', 4326), 6);
insert into public.emergencia (id, nombre, descrip, finicio, ffin, ubicacion, id_institucion) values (7, 'COVID-19', 'Se necesitan personas con conocimiento medico para ayudar en la vacunación contra COVID-19.', '2021-02-02', '2020-12-30', public.ST_GeomFromText('POINT(-70.594368 -33.453787)', 4326), 7);
insert into public.emergencia (id, nombre, descrip, finicio, ffin, ubicacion, id_institucion) values (8, 'Vomito Masivo', 'Se necesitan personas para limpiar vomito', '2020-07-21', '2021-04-29', public.ST_GeomFromText('POINT(-70.102301 -20.270732)', 4326), 8);
insert into public.emergencia (id, nombre, descrip, finicio, ffin, ubicacion, id_institucion) values (9, 'Terremoto', 'Se necesitan ayuda con alimentos no perecibles', '2020-08-25', '2020-08-07', public.ST_GeomFromText('POINT(-73.828039 -41.867611)', 4326), 9);
insert into public.emergencia (id, nombre, descrip, finicio, ffin, ubicacion, id_institucion) values (10, 'Mision atrapar presos', 'Se escapan lo preso aiuudaaa', '2021-03-30', '2020-10-07', public.ST_GeomFromText('POINT(-70.67199596382044 -33.19976552083029)', 4326), 10);

insert into public.tarea (id, nombre, descrip, cant_vol_requeridos, cant_vol_inscritos, id_emergencia, finicio, ffin, id_estado) values (1, 'Rescatar Perros', 'Buscar perritos atrapados en la calle zoom 1234', 37, 49, 1, '2021-03-12', '2021-04-05', 1);
insert into public.tarea (id, nombre, descrip, cant_vol_requeridos, cant_vol_inscritos, id_emergencia, finicio, ffin, id_estado) values (2, 'Apagar fuego', 'Buscar posibles puntos donde las llamas no se encuentren apagadas', 65, 67, 2, '2021-04-26', '2020-12-05',  2);
insert into public.tarea (id, nombre, descrip, cant_vol_requeridos, cant_vol_inscritos, id_emergencia, finicio, ffin, id_estado) values (3, 'Ayudar Personas en Situacion de calle', 'Necesitamos gente desde las 8:00 am en la calle egg king 333 para ayudar a gente en situacion de calle', 31, 8, 3, '2020-07-25', '2021-02-15', 3);
insert into public.tarea (id, nombre, descrip, cant_vol_requeridos, cant_vol_inscritos, id_emergencia, finicio, ffin, id_estado) values (4, 'Construir viviendas', 'Se requiere de herramientas para la reconstruccion de viviendas de gente afectada por la catastrofe', 75, 49, 4, '2021-02-07', '2021-05-24', 1);
insert into public.tarea (id, nombre, descrip, cant_vol_requeridos, cant_vol_inscritos, id_emergencia, finicio, ffin, id_estado) values (5, 'Reparar viviendas afectadas por el incendio', 'Gente con experiencia en la reparación de viviendas', 88, 7, 5, '2021-03-03', '2021-02-18', 2);
insert into public.tarea (id, nombre, descrip, cant_vol_requeridos, cant_vol_inscritos, id_emergencia, finicio, ffin, id_estado) values (6, 'Rescatar Animales', 'Rescatar animales afectados por el desastre', 4, 25, 6, '2020-12-23', '2020-11-06', 3);
insert into public.tarea (id, nombre, descrip, cant_vol_requeridos, cant_vol_inscritos, id_emergencia, finicio, ffin, id_estado) values (7, 'Poner Vacunas', 'Ayudar a centro de vacunación con poco personal', 46, 100, 7, '2020-10-10', '2020-09-16', 3);
insert into public.tarea (id, nombre, descrip, cant_vol_requeridos, cant_vol_inscritos, id_emergencia, finicio, ffin, id_estado) values (8, 'Limpiar espacio publico', 'Se necesitan voluntarios que ayuden a limpiar el lugar afectado por el desastre', 81, 27, 8, '2020-09-12', '2021-04-09', 2);
insert into public.tarea (id, nombre, descrip, cant_vol_requeridos, cant_vol_inscritos, id_emergencia, finicio, ffin, id_estado) values (9, 'Ayudar Personas en Situacion de calle', 'Se necesita de donaciones para personas en situacion de calle afectadas por la catastrofe', 70, 28, 9, '2021-01-31', '2020-08-14',  2);
insert into public.tarea (id, nombre, descrip, cant_vol_requeridos, cant_vol_inscritos, id_emergencia, finicio, ffin, id_estado) values (10,'Buscar profugos', 'Partimos a las 9 de la mañana en el puente pio nono a buscar a los responsables del incendio en valparaiso', 26, 15, 10, '2020-06-29', '2021-01-10', 1);

insert into public.ranking (id, id_voluntario, id_tarea, puntaje, flg_invitado, flg_participa) values (1, 2, 7, 9, 1, 9);
insert into public.ranking (id, id_voluntario, id_tarea, puntaje, flg_invitado, flg_participa) values (2, 4, 1, 8, 6, 1);
insert into public.ranking (id, id_voluntario, id_tarea, puntaje, flg_invitado, flg_participa) values (3, 7, 1, 5, 4, 2);
insert into public.ranking (id, id_voluntario, id_tarea, puntaje, flg_invitado, flg_participa) values (4, 8, 9, 9, 6, 1);
insert into public.ranking (id, id_voluntario, id_tarea, puntaje, flg_invitado, flg_participa) values (5, 4, 6, 6, 8, 9);
insert into public.ranking (id, id_voluntario, id_tarea, puntaje, flg_invitado, flg_participa) values (6, 1, 2, 9, 3, 1);
insert into public.ranking (id, id_voluntario, id_tarea, puntaje, flg_invitado, flg_participa) values (7, 3, 5, 9, 5, 5);
insert into public.ranking (id, id_voluntario, id_tarea, puntaje, flg_invitado, flg_participa) values (8, 1, 5, 4, 6, 9);
insert into public.ranking (id, id_voluntario, id_tarea, puntaje, flg_invitado, flg_participa) values (9, 7, 9, 4, 6, 8);
insert into public.ranking (id, id_voluntario, id_tarea, puntaje, flg_invitado, flg_participa) values (10, 1, 9, 8, 1, 8);

insert into public.eme_habilidad (id, id_emergencia, id_habilidad) values (1, 1, 1);
insert into public.eme_habilidad (id, id_emergencia, id_habilidad) values (11, 1, 9);
insert into public.eme_habilidad (id, id_emergencia, id_habilidad) values (2, 2, 2);
insert into public.eme_habilidad (id, id_emergencia, id_habilidad) values (3, 3, 7);
insert into public.eme_habilidad (id, id_emergencia, id_habilidad) values (12, 3, 3);
insert into public.eme_habilidad (id, id_emergencia, id_habilidad) values (4, 4, 4);
insert into public.eme_habilidad (id, id_emergencia, id_habilidad) values (13, 4, 5);
insert into public.eme_habilidad (id, id_emergencia, id_habilidad) values (14, 4, 10);
insert into public.eme_habilidad (id, id_emergencia, id_habilidad) values (5, 5, 4);
insert into public.eme_habilidad (id, id_emergencia, id_habilidad) values (15, 5, 5);
insert into public.eme_habilidad (id, id_emergencia, id_habilidad) values (16, 5, 10);
insert into public.eme_habilidad (id, id_emergencia, id_habilidad) values (6, 6, 1);
insert into public.eme_habilidad (id, id_emergencia, id_habilidad) values (17, 6, 9);
insert into public.eme_habilidad (id, id_emergencia, id_habilidad) values (7, 7, 6);
insert into public.eme_habilidad (id, id_emergencia, id_habilidad) values (18, 7, 8);
insert into public.eme_habilidad (id, id_emergencia, id_habilidad) values (8, 8, 11);
insert into public.eme_habilidad (id, id_emergencia, id_habilidad) values (9, 9, 7);
insert into public.eme_habilidad (id, id_emergencia, id_habilidad) values (10, 10, 12);


insert into public.tarea_habilidad (id, id_emehab, id_tarea) values (1, 1, 1);
insert into public.tarea_habilidad (id, id_emehab, id_tarea) values (11, 11, 1);
insert into public.tarea_habilidad (id, id_emehab, id_tarea) values (2, 2, 2);
insert into public.tarea_habilidad (id, id_emehab, id_tarea) values (12, 12, 3);
insert into public.tarea_habilidad (id, id_emehab, id_tarea) values (3, 3, 3);
insert into public.tarea_habilidad (id, id_emehab, id_tarea) values (4, 4, 4);
insert into public.tarea_habilidad (id, id_emehab, id_tarea) values (13, 13, 4);
insert into public.tarea_habilidad (id, id_emehab, id_tarea) values (14, 14, 4);
insert into public.tarea_habilidad (id, id_emehab, id_tarea) values (5, 5, 5);
insert into public.tarea_habilidad (id, id_emehab, id_tarea) values (6, 6, 6);
insert into public.tarea_habilidad (id, id_emehab, id_tarea) values (7, 7, 7);
insert into public.tarea_habilidad (id, id_emehab, id_tarea) values (8, 8, 8);
insert into public.tarea_habilidad (id, id_emehab, id_tarea) values (9, 9, 9);
insert into public.tarea_habilidad (id, id_emehab, id_tarea) values (10, 10, 10);
